<application>
  <component name="FeatureSuggesterSettings">
    <option name="workingDays">
      <list>
        <option value="1664386918454" />
        <option value="1664402095589" />
        <option value="1664822373700" />
        <option value="1665262264958" />
        <option value="1665263130076" />
        <option value="1665440865941" />
        <option value="1666217835040" />
        <option value="1666555532318" />
        <option value="1666558823097" />
        <option value="1666696090557" />
        <option value="1666775086953" />
        <option value="1666957297801" />
        <option value="1667245053657" />
        <option value="1667298734739" />
        <option value="1667400037741" />
        <option value="1667470162021" />
        <option value="1667509204922" />
        <option value="1667595600066" />
        <option value="1667735969688" />
        <option value="1667773871390" />
        <option value="1667855367067" />
        <option value="1668035780444" />
        <option value="1668519108606" />
        <option value="1668549482515" />
        <option value="1668701150500" />
        <option value="1668780606920" />
        <option value="1668980875467" />
        <option value="1670919478696" />
        <option value="1671989988835" />
        <option value="1672235957946" />
      </list>
    </option>
  </component>
</application>