<application>
  <component name="SettingsSyncPlugins">
    <option name="plugins">
      <map>
        <entry key="com.dubreuia">
          <value>
            <PluginData />
          </value>
        </entry>
        <entry key="com.haulmont.jpab">
          <value>
            <PluginData>
              <option name="dependencies">
                <set>
                  <option value="com.intellij.modules.java" />
                  <option value="com.intellij.modules.platform" />
                  <option value="com.intellij.properties" />
                </set>
              </option>
            </PluginData>
          </value>
        </entry>
        <entry key="com.markskelton.one-dark-theme">
          <value>
            <PluginData>
              <option name="dependencies">
                <set>
                  <option value="com.intellij.modules.platform" />
                </set>
              </option>
            </PluginData>
          </value>
        </entry>
        <entry key="indent-rainbow.indent-rainbow">
          <value>
            <PluginData>
              <option name="dependencies">
                <set>
                  <option value="com.intellij.modules.lang" />
                </set>
              </option>
            </PluginData>
          </value>
        </entry>
        <entry key="izhangzhihao.rainbow.brackets">
          <value>
            <PluginData>
              <option name="dependencies">
                <set>
                  <option value="com.intellij.modules.lang" />
                </set>
              </option>
            </PluginData>
          </value>
        </entry>
      </map>
    </option>
  </component>
</application>